-35.5485001	146.1678925
-31.1165085	150.266922
-31.1165085	150.266922
-31.1165085	150.266922
-34.2817993	146.6678925
-32.5555611	148.9424286
-32.5555611	148.9424286
-32.5555611	148.9424286
-33.4244003	151.3439941
-33.4244003	151.3439941
-33.4244003	151.3439941
-34.1651993	148.4512024
-35.8317986	146.8011932
-34.8173943	147.2009125
-30.2152004	149.4346008
-34.7652016	146.9178925
-35.2652016	147.1179047
-35.2652016	147.1179047
-35.2652016	147.1179047
-35.2652016	147.1179047
-34.4365196	148.7167053
-33.1824799	148.6890869
-31.8568001	148.6596069
-33.8152008	148.6846008
-33.3818016	148.0012054
-33.3818016	148.0012054
-31.7116699	148.6631317
-37.0437698	148.9414978
-37.0437698	148.9414978
-28.8132801	153.2758026
-32.2568016	148.6011963
-31.5080585	150.680069
-34.8173943	147.2009125
-29.654089	150.8297729
-34.2436867	148.1557465
-30.5151997	151.6651001
-29.7817993	151.1179047
-32.0506859	150.8674011
-32.5895691	149.5863342
-32.5895691	149.5863342
-32.9318008	147.7012024
-31.2485008	150.4678955
-32.9318008	147.7012024
-31.6997108	147.8358154
-28.8132801	153.2758026
-30.979393	150.2565002
-33.8731995	151.2095947
-34.2436867	148.1557465
-35.3317986	146.2678986
-32.4030266	151.9651642
-29.8652	150.5679016
-29.5317993	150.5679016
-32.5555611	148.9424286
-28.6152	153.0012054
-28.8132801	153.2758026
-33.8731995	151.2095947
-28.1724472	153.5422668
-34.7610016	147.8553925
-34.7934036	147.0390778
-34.7934036	147.0390778
-33.8731995	151.2095947
-34.8778915	150.5988312
-33.2817993	149.1011963
-32.2652016	150.8845978
-32.3984985	151.752594
-31.9151993	152.4512024
-32.4271545	151.5401611
-32.4271545	151.5401611
-34.4365196	148.7167053
-36.0070686	146.3727722
-34.4468651	147.5337524
-33.8984985	148.1511993
-28.8132801	153.2758026
-28.8584709	153.5681763
-30.7477474	150.7201996
-35.1171112	147.3562775
-34.6735001	148.6345978
-30.3261204	149.7837067
-33.1152	147.8011932
-32.2318001	148.2346039
-33.4244003	151.3439941
-31.8667603	152.3698883
-30.334959	152.7082367
-29.0554466	152.0187836
-28.5523605	153.4995575
-34.7485008	149.7346039
-29.6818008	152.9346008
-32.2568016	148.6011963
-30.7477474	150.7201996
-29.0818005	153.3345947
-28.7152004	153.5346069
-28.4732494	152.5493622
-34.8778915	150.5988312
-35.1171112	147.3562775
-36.0070686	146.3727722
-32.0506859	150.8674011
-33.8152008	148.6846008
-33.8731995	151.2095947
-33.5984993	150.7512054
-28.8484993	153.0511932
-32.0059204	151.9586182
-34.8401985	148.9178925
-32.2568016	148.6011963
-31.0907001	150.9317932
-35.1171112	147.3562775
-35.1171112	147.3562775
-30.4484997	152.9011993
-34.7817993	150.7012024
-28.6485004	153.6179047
-32.2652016	150.8845978
-35.7765884	148.0099487
-34.5525551	148.3505249
-35.7765884	148.0099487
-35.2652016	147.1179047
-32.0068016	149.9846039
-31.7116699	148.6631317
-32.2568016	148.6011963
-32.2568016	148.6011963
-36.6739197	149.8417816
-28.8132801	153.2758026
-30.7176991	152.9172974
-35.3419228	146.9516907
-32.0059204	151.9586182
-31.5080585	150.680069
-31.5080585	150.680069
-32.567421	151.1660309
-34.8778915	150.5988312
-29.5317993	150.5679016
-29.7817993	151.1179047
-29.9556236	151.212204
-34.6735001	148.6345978
-33.8731995	151.2095947
-28.8132801	153.2758026
-32.0506859	150.8674011
-35.1171112	147.3562775
-32.5895691	149.5863342
-28.6485004	153.6179047
-33.8731995	151.2095947
-32.2652016	150.8845978
-31.4341908	152.9091949
-31.0818005	152.8345947
-32.2652016	150.8845978
-34.4468651	147.5337524
-35.7765884	148.0099487
-31.5652008	147.2012024
-31.0907001	150.9317932
-33.8984985	148.1511993
-35.2151985	146.7178955
-34.3484993	146.9011993
-34.8401985	148.9178925
-30.4484997	152.9011993
-32.7330818	151.5574036
-34.7934036	147.0390778
-32.0506859	150.8674011
-30.2152004	151.6678925
-34.6717987	150.8556366
-34.7817993	150.7012024
-31.9151993	152.4512024
-31.0907001	150.9317932
-33.8152008	148.6846008
-33.2817993	151.4178925
-35.5485001	146.1678925
-32.0506859	150.8674011
-32.567421	151.1660309
-28.8132801	153.2758026
-31.8667603	152.3698883
-32.2568016	148.6011963
-29.6818008	152.9346008
-35.3041	148.2234955
-29.6818008	152.9346008
-30.4652004	153.0178986
-29.7817993	151.1179047
-33.4485016	149.1846008
-30.4484997	152.9011993
-31.0907001	150.9317932
-32.9318008	147.7012024
-34.8173943	147.2009125
-28.8132801	153.2758026
-32.2568016	148.6011963
-35.1171112	147.3562775
-34.6394882	148.025238
-28.8132801	153.2758026
-35.1171112	147.3562775
-32.0506859	150.8674011
-32.0506859	150.8674011
-32.567421	151.1660309
-34.7934036	147.0390778
-35.8484993	146.5178986
-35.8484993	146.5178986
-34.7934036	147.0390778
-36.2318001	149.1179047
-32.2568016	148.6011963
-35.2151985	146.7178955
-29.7817993	151.1179047
-33.4485016	149.1846008
-30.3817997	150.6179047
-34.7485008	150.8345947
-32.2568016	148.6011963
-28.8132801	153.2758026
-32.1651993	150.9011993
-28.8132801	153.2758026
-33.4244003	151.3439941
-32.0506859	150.8674011
-32.0506859	150.8674011
-34.7817993	150.7012024
-34.7817993	150.7012024
-34.7817993	150.7012024
-34.846447	150.6053619
-35.5485001	146.1678925
-30.979393	150.2565002
-30.979393	150.2565002
-31.1165085	150.266922
-31.1165085	150.266922
-32.5555611	148.9424286
-35.5197105	148.1452789
-35.5197105	148.1452789
-32.5555611	148.9424286
-35.0655365	148.1075287
-32.5555611	148.9424286
-32.5555611	148.9424286
-32.5555611	148.9424286
-33.8984985	148.1511993
-33.8984985	148.1511993
-33.8984985	148.1511993
-33.3818016	148.0012054
-33.8984985	148.1511993
-33.8984985	148.1511993
-34.3317986	147.2178955
-33.8984985	148.1511993
-32.5555611	148.9424286
-30.979393	150.2565002
-33.4244003	151.3439941
-34.0680008	150.8235016
-34.8778915	150.5988312
-33.8731995	151.2095947
-30.7176991	152.9172974
-30.5151997	151.6651001
-30.5151997	151.6651001
-30.5151997	151.6651001
-34.8778915	150.5988312
-34.8778915	150.5988312
-34.8778915	150.5988312
-34.8778915	150.5988312
-33.4485016	149.1846008
-33.4485016	149.1846008
-32.0506859	150.8674011
-34.8317986	147.3345947
-35.8317986	146.6678925
-34.8173943	147.2009125
-30.2152004	149.4346008
-30.2152004	149.4346008
-30.7707005	150.2678986
-30.7707005	150.2678986
-30.7707005	150.2678986
-34.8173943	147.2009125
-34.8173943	147.2009125
-35.1171112	147.3562775
-34.7616463	146.732193
-34.4365196	148.7167053
-34.4365196	148.7167053
-33.2817993	148.7346039
-33.2817993	148.7346039
-35.2652016	147.1179047
-33.149779	148.800034
-31.8568001	148.6596069
-33.8152008	148.6846008
-32.0523605	149.256958
-32.0523605	149.256958
-32.0523605	149.256958
-32.5555611	148.9424286
-32.5555611	148.9424286
-33.3818016	148.0012054
-33.1824799	148.6890869
-33.8152008	148.6846008
-33.0984993	148.8511963
-33.0984993	148.8511963
-33.3818016	148.0012054
-32.9283218	148.7519073
-32.9283218	148.7519073
-32.9283218	148.7519073
-32.9283218	148.7519073
-33.8731995	151.2095947
-32.2318001	148.2346039
-32.2318001	148.2346039
-35.6574211	145.811676
-33.8731995	151.2095947
-28.8132801	153.2758026
-28.8132801	153.2758026
-28.8132801	153.2758026
-28.8132801	153.2758026
-32.2568016	148.6011963
-29.7817993	151.1179047
-36.0592537	146.9438782
-29.7817993	151.1179047
-32.7525139	148.6462402
-29.7817993	151.1179047
-34.3484993	146.9011993
-33.8152008	148.6846008
-31.9151993	152.4512024
-33.9151993	147.2346039
-33.9318008	147.2012024
-34.4365196	148.7167053
-34.4468651	147.5337524
-31.5080585	150.680069
-34.4365196	148.7167053
-31.4541855	152.7259064
-32.2568016	148.6011963
-33.848671	151.2162018
-28.8484993	153.0511932
-29.7318001	151.7346039
-29.7318001	151.7346039
-28.8132801	153.2758026
-28.8132801	153.2758026
-30.5151997	151.6651001
-30.5151997	151.6651001
-30.7477474	150.7201996
-30.9818001	151.5845947
-33.8772202	151.1972046
-34.6717987	150.8556366
-31.9151993	152.4512024
-29.7817993	151.1179047
-32.2652016	150.8845978
-29.7817993	151.1179047
-32.2652016	150.8845978
-29.7817993	151.1179047
-29.7817993	151.1179047
-34.7817993	150.7012024
-31.3152008	152.7012024
-32.1393509	150.3557434
-32.2652016	150.8845978
-32.0506859	150.8674011
-32.1393509	150.3557434
-34.8173943	147.2009125
-32.9318008	147.7012024
-34.8173943	147.2009125
-32.1393509	150.3557434
-31.0907001	150.9317932
-33.8731995	151.2095947
-34.5317993	148.1678925
-32.9318008	147.7012024
-32.9318008	147.7012024
-32.9318008	147.7012024
-32.9318008	147.7012024
-36.2318001	149.1179047
-31.7116699	148.6631317
-31.7116699	148.6631317
-31.2485008	150.4678955
-32.1393509	150.3557434
-32.567421	151.1660309
-30.5991001	149.9539948
-34.7934036	147.0390778
-34.7652016	146.9178925
-29.46278	149.841568
-29.46278	149.841568
-32.9318008	147.7012024
-36.8317986	149.8096008
-28.8318005	153.4346008
-28.8484993	153.0511932
-28.8318005	153.4346008
-33.6902008	150.9261932
-33.8731995	151.2095947
-33.8266296	151.0881042
-32.3874321	150.6868439
-28.8318005	153.4346008
-32.3874321	150.6868439
-32.4064903	152.2085724
-34.2318001	146.3511963
-34.0293007	148.3932037
-35.5485001	146.1678925
-34.0293007	148.3932037
-30.6485004	153.0012054
-31.8667603	152.3698883
-34.1484985	148.1179047
-35.3317986	146.2678986
-33.2817993	149.1011963
-33.8984985	148.1511993
-33.8984985	148.1511993
-34.2817993	146.5679016
-34.8401985	148.9178925
-34.2817993	146.5679016
-34.4365196	148.7167053
-33.8984985	148.1511993
-33.8984985	148.1511993
-34.8401985	148.9178925
-34.8401985	148.9178925
-29.8652	150.5679016
-28.8132801	153.2758026
-28.8584709	153.5681763
-34.8401985	148.9178925
-29.7202396	151.0726013
-34.8401985	148.9178925
-29.7202396	151.0726013
-34.4468651	147.5337524
-34.4468651	147.5337524
-32.0506859	150.8674011
-29.654089	150.8297729
-34.8401985	148.9178925
-30.7477474	150.7201996
-30.7477474	150.7201996
-29.9556236	151.212204
-30.3817997	150.6179047
-30.3817997	150.6179047
-28.8132801	153.2758026
-28.8132801	153.2758026
-28.6818008	153.5178986
-30.9818001	151.5845947
-29.4580994	153.197525
-28.9268265	153.1849976
-28.1724472	153.5422668
-28.1724472	153.5422668
-28.1724472	153.5422668
-34.8401985	148.9178925
-32.567421	151.1660309
-32.2652016	150.8845978
-31.0907001	150.9317932
-34.8317986	147.3345947
-35.0817986	144.0346069
-34.6735001	148.6345978
-35.1171112	147.3562775
-34.8652	147.5845947
-34.7610016	147.8553925
-34.7610016	147.8553925
-34.7934036	147.0390778
-30.5991001	149.9539948
-30.5991001	149.9539948
-35.2652016	147.1179047
-36.0070686	146.3727722
-34.6394882	148.025238
-35.1171112	147.3562775
-33.8731995	151.2095947
-34.4751511	150.4414825
-33.3818016	148.0012054
-33.0984993	148.8511963
-35.7836456	150.1410522
-35.7836456	150.1410522
-31.7116699	148.6631317
-34.7934036	147.0390778
-34.7934036	147.0390778
-34.7934036	147.0390778
-34.7934036	147.0390778
-33.8731995	151.2095947
-36.6739197	149.8417816
-30.3470993	151.6853943
-30.3470993	151.6853943
-33.2817993	149.1011963
-33.2817993	149.1011963
-32.3984985	151.752594
-32.4271545	151.5401611
-32.4271545	151.5401611
-32.4271545	151.5401611
-32.3984985	151.752594
-33.8731995	151.2095947
-32.1393509	150.3557434
-34.4468651	147.5337524
-29.7817993	151.1179047
-29.7817993	151.1179047
-36.0070686	146.3727722
-35.5175056	147.0358887
-32.2568016	148.6011963
-34.4902	147.0178986
-34.4902	147.0178986
-34.4902	147.0178986
-32.2568016	148.6011963
-32.5555611	148.9424286
-34.4468651	147.5337524
-30.979393	150.2565002
-33.8731995	151.2095947
-28.8132801	153.2758026
-28.3318005	153.3845978
-28.8132801	153.2758026
-33.5817986	150.6678925
-34.3484993	146.9011993
-34.3484993	146.9011993
-34.4485016	146.5511932
-33.8152008	148.6846008
-28.3318005	153.3845978
-28.3318005	153.3845978
-28.3318005	153.3845978
-28.3318005	153.3845978
-28.3318005	153.3845978
-33.8568001	150.9178925
-30.7477474	150.7201996
-32.0506859	150.8674011
-33.4877243	151.3298187
-31.0907001	150.9317932
-32.0506859	150.8674011
-33.8731995	151.2095947
-28.8484993	153.0511932
-35.6574211	145.811676
-34.7616463	146.732193
-34.7610016	147.8553925
-32.1393509	150.3557434
-33.3818016	148.0012054
-34.8173943	147.2009125
-33.3818016	148.0012054
-32.2318001	148.2346039
-32.2318001	148.2346039
-32.2318001	148.2346039
-32.2318001	148.2346039
-32.2318001	148.2346039
-32.0317993	147.9678955
-32.5895691	149.5863342
-32.0317993	147.9678955
-34.4365196	148.7167053
-31.8224754	149.1179047
-32.2318001	148.2346039
-32.0317993	147.9678955
-28.3318005	153.3845978
-28.3318005	153.3845978
-33.4244003	151.3439941
-31.7116699	148.6631317
-31.0907001	150.9317932
-33.4244003	151.3439941
-30.334959	152.7082367
-30.334959	152.7082367
-28.3318005	153.3845978
-28.1724472	153.5422668
-29.7318001	151.7346039
-28.3318005	153.3845978
-28.8484993	153.0511932
-28.8484993	153.0511932
-29.4151993	153.2846069
-30.5151997	151.6651001
-31.4341908	152.9091949
-32.0059204	151.9586182
-31.8667603	152.3698883
-29.7817993	151.1179047
-33.9318008	147.2012024
-34.2436867	148.1557465
-32.2568016	148.6011963
-29.7817993	151.1179047
-29.0818005	153.3345947
-28.3318005	153.3845978
-28.1724472	153.5422668
-28.3318005	153.3845978
-28.8484993	153.0511932
-29.7318001	151.7346039
-28.6818008	153.5178986
-33.9651985	151.1096039
-33.4168015	149.5807037
-34.4468651	147.5337524
-28.8132801	153.2758026
-28.8132801	153.2758026
-35.7765884	148.0099487
-29.46278	149.841568
-35.3041	148.2234955
-29.46278	149.841568
-29.46278	149.841568
-33.8984985	148.1511993
-34.6735001	148.6345978
-33.9318008	147.2012024
-34.7934036	147.0390778
-34.7934036	147.0390778
-34.7934036	147.0390778
-32.0506859	150.8674011
-36.0592537	146.9438782
-33.8731995	151.2095947
-33.8731995	151.2095947
-33.8390007	151.2071991
-33.8731995	151.2095947
-31.8318005	149.7178955
-32.9318008	147.7012024
-32.3625565	149.5320587
-32.2318001	148.2346039
-33.1424713	148.1746521
-30.334959	152.7082367
-30.334959	152.7082367
-30.9818001	151.5845947
-30.9818001	151.5845947
-28.1724472	153.5422668
-30.5151997	151.6651001
-28.8132801	153.2758026
-30.9818001	151.5845947
-32.5895691	149.5863342
-29.7817993	151.1179047
-28.8132801	153.2758026
-31.0907001	150.9317932
-31.8667603	152.3698883
-32.3874321	150.6868439
-32.2652016	150.8845978
-34.3484993	146.9011993
-33.8984985	148.1511993
-34.3152008	146.9678955
-33.8484993	146.8345947
-30.2152004	151.6678925
-30.2152004	151.6678925
-28.8132801	153.2758026
-28.8132801	153.2758026
-32.2568016	148.6011963
-33.8984985	148.1511993
-29.4580994	153.197525
-29.6818008	152.9346008
-30.3152008	153.1179047
-30.3152008	153.1179047
-30.4484997	152.9011993
-30.4484997	152.9011993
-30.4484997	152.9011993
-30.4484997	152.9011993
-33.2817993	149.1011963
-33.4244003	151.3439941
-28.3318005	153.3845978
-28.3318005	153.3845978
-28.3318005	153.3845978
-28.8132801	153.2758026
-33.8152008	148.6846008
-35.3796425	146.8387451
-32.2652016	150.8845978
-32.567421	151.1660309
-34.8173943	147.2009125
-34.7934036	147.0390778
-31.8667603	152.3698883
-32.2318001	148.2346039
-34.5329018	148.235199
-34.5329018	148.235199
-35.1171112	147.3562775
-35.1171112	147.3562775
-34.7934036	147.0390778
-34.7934036	147.0390778
-34.5485001	150.3679047
-34.5485001	150.3679047
-32.2318001	148.2346039
-32.2568016	148.6011963
-32.7151985	149.0511932
-29.46278	149.841568
-30.2152004	149.4346008
-33.8152008	148.6846008
-32.0161285	149.3956604
-31.7116699	148.6631317
-31.7116699	148.6631317
-32.5555611	148.9424286
-32.5555611	148.9424286
-35.2652016	147.1179047
-34.8652	147.5845947
-30.1153641	153.1924896
-33.2817993	149.1011963
-28.8132801	153.2758026
-36.0592537	146.9438782
-30.5151997	151.6651001
-30.334959	152.7082367
-30.5151997	151.6651001
-32.3321571	148.7587891
-32.3321571	148.7587891
-34.3317986	147.2178955
-33.9201889	151.2224121
-33.4168015	149.5807037
-31.5080585	150.680069
-31.5080585	150.680069
-31.5080585	150.680069
-31.4541855	152.7259064
-32.4030266	151.9651642
-32.2652016	150.8845978
-33.5317993	149.2512054
-31.5080585	150.680069
-32.3984985	151.752594
-32.3984985	151.752594
-31.4541855	152.7259064
-31.0907001	150.9317932
-35.2151985	146.7178955
-33.1424713	148.1746521
-31.1165085	150.266922
-29.7817993	151.1179047
-35.2151985	146.7178955
-32.2568016	148.6011963
-29.7817993	151.1179047
-36.0592537	146.9438782
-32.9318008	147.7012024
-30.3261204	149.7837067
-32.5555611	148.9424286
-33.9151993	147.2346039
-33.8984985	148.1511993
-35.5485001	146.1678925
-33.2817993	148.7346039
-33.2817993	148.7346039
-32.9283218	148.7519073
-33.8731995	151.2095947
-33.8731995	151.2095947
-33.8731995	151.2095947
-34.7934036	147.0390778
-34.5485001	150.3679047
-32.5555611	148.9424286
-28.8132801	153.2758026
-28.8132801	153.2758026
-30.5151997	151.6651001
-28.8132801	153.2758026
-30.5151997	151.6651001
-32.0506859	150.8674011
-30.2152004	151.6678925
-29.6818008	152.9346008
-34.5485001	150.3679047
-28.8132801	153.2758026
-33.2817993	149.1011963
-33.6818008	151.0261993
-31.6997108	147.8358154
-31.0907001	150.9317932
-32.0506859	150.8674011
-32.0506859	150.8674011
-31.7116699	148.6631317
-31.0907001	150.9317932
-32.567421	151.1660309
-32.5555611	148.9424286
-32.2318001	148.2346039
-30.979393	150.2565002
-32.5895691	149.5863342
-33.8731995	151.2095947
-36.6739197	149.8417816
-36.0592537	146.9438782
-28.8132801	153.2758026
-30.7477474	150.7201996
-28.8132801	153.2758026
-31.4341908	152.9091949
-29.6818008	152.9346008
-34.8778915	150.5988312
-34.6717987	150.8556366
-31.8667603	152.3698883
-31.4341908	152.9091949
-31.4341908	152.9091949
-31.4341908	152.9091949
-32.2652016	150.8845978
-35.2151985	146.7178955
-35.2151985	146.7178955
-35.2151985	146.7178955
-34.6394882	148.025238
-34.4468651	147.5337524
-34.4468651	147.5337524
-34.7485008	149.7346039
-33.0652008	147.1511993
-33.8152008	148.6846008
-29.4580994	153.197525
-33.0652008	147.1511993
-32.2568016	148.6011963
-33.0652008	147.1511993
-33.8731995	151.2095947
-28.8484993	153.0511932
-29.8652	150.5679016
-33.8731995	151.2095947
-33.4168015	149.5807037
-32.0059204	151.9586182
-32.0059204	151.9586182
-31.0907001	150.9317932
-35.7765884	148.0099487
-36.0070686	146.3727722
-34.8652	147.5845947
-32.0506859	150.8674011
-32.0506859	150.8674011
-31.0907001	150.9317932
-29.654089	150.8297729
-33.1424713	148.1746521
-32.5555611	148.9424286
-35.1171112	147.3562775
-34.1484985	147.3845978
-28.8132801	153.2758026
-35.3317986	146.2678986
-29.6818008	152.9346008
-32.1655998	147.0081482
-34.4751511	150.4414825
-33.4244003	151.3439941
-33.4244003	151.3439941
-33.4244003	151.3439941
-33.8731995	151.2095947
-34.0680008	150.8235016
-34.7485008	149.7346039
-34.6717987	150.8556366
-28.1724472	153.5422668
-33.5652008	148.6511993
-32.4271545	151.5401611
-31.8667603	152.3698883
-34.8778915	150.5988312
-32.0506859	150.8674011
-36.0070686	146.3727722
-32.5895691	149.5863342
-32.0506859	150.8674011
-34.7934036	147.0390778
-32.0506859	150.8674011
-31.8318005	147.7346039
-33.5317993	149.2512054
-32.5895691	149.5863342
-32.2318001	148.2346039
-35.1171112	147.3562775
-35.1171112	147.3562775
-28.6152	153.0012054
-31.0818005	152.8345947
-30.2152004	151.6678925
-30.2152004	151.6678925
-30.2152004	151.6678925
-30.2152004	151.6678925
-34.6717987	150.8556366
-31.9151993	152.4512024
-31.9151993	152.4512024
-33.7018013	151.0973053
-32.0059204	151.9586182
-32.0059204	151.9586182
-31.9151993	152.4512024
-35.3041	148.2234955
-34.8778915	150.5988312
-32.567421	151.1660309
-32.567421	151.1660309
-32.567421	151.1660309
-29.9556236	151.212204
-29.9556236	151.212204
-32.1929131	152.519928
-32.1929131	152.519928
-33.0984993	148.8511963
-28.8484993	153.0511932
-33.2817993	151.4178925
-33.75055	150.687
-34.7616463	146.732193
-31.5080585	150.680069
-32.0506859	150.8674011
-34.8317986	147.3345947
-32.5895691	149.5863342
-35.7765884	148.0099487
-36.6739197	149.8417816
-29.7817993	151.1179047
-34.2817993	146.5679016
-33.8731995	151.2095947
-31.0818005	152.8345947
-34.4751511	150.4414825
-28.8132801	153.2758026
-30.3261204	149.7837067
-31.0907001	150.9317932
-29.4580994	153.197525
-34.8778915	150.5988312
-30.979393	150.2565002
-31.5080585	150.680069
-33.1424713	148.1746521
-32.2652016	150.8845978
-30.7477474	150.7201996
-35.1171112	147.3562775
-28.8132801	153.2758026
-28.8584709	153.5681763
-31.9151993	152.4512024
-31.0818005	152.8345947
-30.7152004	150.0346069
-32.0317993	147.9678955
-28.1724472	153.5422668
-34.6717987	150.8556366
-30.979393	150.2565002
-34.4365196	148.7167053
-32.7306747	148.1837616
-36.0592537	146.9438782
-29.6818008	152.9346008
-29.6818008	152.9346008
-29.6818008	152.9346008
-29.6818008	152.9346008
-30.4652004	153.0178986
-30.4652004	153.0178986
-30.4652004	153.0178986
-32.567421	151.1660309
-28.8132801	153.2758026
-30.5151997	151.6651001
-32.3625565	149.5320587
-32.2652016	150.8845978
-32.0506859	150.8674011
-33.8984985	148.1511993
-33.2817993	151.4178925
-32.5555611	148.9424286
-34.2436867	148.1557465
-30.5151997	151.6651001
-30.7152004	150.0346069
-32.567421	151.1660309
-35.5197105	148.1452789
-29.7817993	151.1179047
-32.7330818	151.5574036
-31.0818005	152.8345947
-31.7629738	150.8335114
-32.7985001	149.9678955
-32.0317993	147.9678955
-32.2318001	148.2346039
-30.4484997	152.9011993
-30.4484997	152.9011993
-33.7980347	151.2856293
-33.8931007	151.2071075
-32.1393509	150.3557434
-35.0655365	148.1075287
-35.5485001	146.1678925
-32.3984985	151.752594
-31.0907001	150.9317932
-29.6818008	152.9346008
-32.5555611	148.9424286
-28.3318005	153.3845978
-28.3318005	153.3845978
-35.7151985	150.1846008
-34.6717987	150.8556366
-32.1393509	150.3557434
-32.7306747	148.1837616
-32.5895691	149.5863342
-30.5991001	149.9539948
-32.5555611	148.9424286
-32.2568016	148.6011963
-34.8173943	147.2009125
-34.1694183	150.6113586
-29.46278	149.841568
-33.7980347	151.2856293
-34.4751511	150.4414825
-34.4751511	150.4414825
-32.567421	151.1660309
-30.6485004	153.0012054
-32.7330818	151.5574036
-32.5555611	148.9424286
-32.5984993	151.6179047
-32.5984993	151.6179047
-35.8317986	146.6678925
-31.0907001	150.9317932
-34.8778915	150.5988312
-36.9087296	149.2390289
-34.4468651	147.5337524
-35.2652016	147.1179047
-35.2652016	147.1179047
-32.0506859	150.8674011
-34.8778915	150.5988312
-34.7817993	150.7012024
-34.8778915	150.5988312
-34.8484993	150.6678925
-34.846447	150.6053619
-34.7817993	150.7012024
-31.1165085	150.266922
-33.8984985	148.1511993
-35.5197105	148.1452789
-35.5197105	148.1452789
-35.5197105	148.1452789
-33.8984985	148.1511993
-33.8984985	148.1511993
-34.3317986	147.2178955
-32.6985016	148.8179016
-32.5555611	148.9424286
-32.5555611	148.9424286
-33.8984985	148.1511993
-33.8984985	148.1511993
-35.0655365	148.1075287
-33.4244003	151.3439941
-33.4244003	151.3439941
-33.8984985	151.1096039
-33.8731995	151.2095947
-33.8731995	151.2095947
-30.5151997	151.6651001
-30.5151997	151.6651001
-33.7485008	151.1428986
-34.8778915	150.5988312
-32.0506859	150.8674011
-32.0506859	150.8674011
-32.0506859	150.8674011
-32.0506859	150.8674011
-35.1171112	147.3562775
-35.1171112	147.3562775
-36.0592537	146.9438782
-35.9318008	147.1011963
-31.3985004	151.1345978
-31.3985004	151.1345978
-34.8173943	147.2009125
-34.8173943	147.2009125
-34.8173943	147.2009125
-34.8173943	147.2009125
-35.1171112	147.3562775
-34.7652016	146.9178925
-34.7652016	146.9178925
-33.2285004	148.2996063
-33.2285004	148.2996063
-33.1824799	148.6890869
-35.3818016	147.0679016
-31.1243496	150.9871216
-31.1567993	151.0511932
-33.2817993	148.7346039
-33.0652008	147.1511993
-33.0652008	147.1511993
-33.0652008	147.1511993
-33.0652008	147.1511993
-32.0523605	149.256958
-33.1824799	148.6890869
-32.5555611	148.9424286
-33.3818016	148.0012054
-33.1824799	148.6890869
-32.2318001	148.2346039
-32.2318001	148.2346039
-37.0437698	148.9414978
-28.8132801	153.2758026
-28.8132801	153.2758026
-33.8731995	151.2095947
-35.1171112	147.3562775
-34.7275314	150.5218048
-34.7275314	150.5218048
-34.7817993	150.7012024
-29.7817993	151.1179047
-29.7817993	151.1179047
-29.7817993	151.1179047
-34.6394882	148.025238
-32.1655998	147.0081482
-31.5080585	150.680069
-31.0907001	150.9317932
-31.0907001	150.9317932
-34.2436867	148.1557465
-29.7817993	151.1179047
-29.7817993	151.1179047
-31.9151993	152.4512024
-29.654089	150.8297729
-29.654089	150.8297729
-31.8667603	152.3698883
-34.2436867	148.1557465
-34.2436867	148.1557465
-31.4541855	152.7259064
-31.9151993	152.4512024
-32.0506859	150.8674011
-33.8390007	151.2071991
-30.5151997	151.6651001
-30.5151997	151.6651001
-29.7318001	151.7346039
-29.7318001	151.7346039
-28.8132801	153.2758026
-28.8132801	153.2758026
-28.8132801	153.2758026
-30.7477474	150.7201996
-33.8772202	151.1972046
-34.8173943	147.2009125
-32.2652016	150.8845978
-33.8731995	151.2095947
-32.0506859	150.8674011
-32.0506859	150.8674011
-32.0506859	150.8674011
-32.0506859	150.8674011
-32.0506859	150.8674011
-30.7152004	150.0346069
-32.0506859	150.8674011
-32.0506859	150.8674011
-32.0506859	150.8674011
-32.0506859	150.8674011
-32.0506859	150.8674011
-32.1393509	150.3557434
-33.1424713	148.1746521
-32.1393509	150.3557434
-32.2652016	150.8845978
-32.7985001	147.4678955
-32.5895691	149.5863342
-34.7934036	147.0390778
-32.2652016	150.8845978
-33.1152	147.8011932
-33.1152	147.8011932
-32.0506859	150.8674011
-31.7116699	148.6631317
-36.8317986	149.8096008
-36.2318001	149.1179047
-31.2485008	150.4678955
-32.567421	151.1660309
-32.9318008	147.7012024
-32.9318008	147.7012024
-32.9318008	147.7012024
-32.9318008	147.7012024
-33.8902016	151.1387024
-33.8152008	148.6846008
-30.5151997	151.6651001
-28.8132801	153.2758026
-28.8318005	153.4346008
-28.8318005	153.4346008
-28.8318005	153.4346008
-28.7651997	153.3511963
-28.5939808	153.2233734
-28.8584709	153.5681763
-28.8318005	153.4346008
-32.0506859	150.8674011
-31.1165085	150.266922
-28.8318005	153.4346008
-28.8318005	153.4346008
-33.8484993	151.0346069
-30.7176991	152.9172974
-34.3484993	146.9011993
-34.3484993	146.9011993
-34.2436867	148.1557465
-31.8667603	152.3698883
-31.6324005	152.7057037
-35.3317986	146.2678986
-34.7610016	147.8553925
-35.2652016	147.1179047
-35.1171112	147.3562775
-35.1171112	147.3562775
-36.0070686	146.3727722
-36.0070686	146.3727722
-32.2568016	148.6011963
-33.2817993	149.1011963
-33.3818016	148.0012054
-34.7934036	147.0390778
-34.4751511	150.4414825
-36.6739197	149.8417816
-36.6739197	149.8417816
-33.8731995	151.2095947
-30.2152004	151.6678925
-30.2152004	151.6678925
-30.5151997	151.6651001
-30.5151997	151.6651001
-30.2152004	151.6678925
-31.5818005	151.3179016
-32.3984985	151.752594
-32.4271545	151.5401611
-32.4271545	151.5401611
-32.4271545	151.5401611
-32.4271545	151.5401611
-31.9151993	152.4512024
-32.3984985	151.752594
-34.2436867	148.1557465
-33.3818016	148.0012054
-33.8902016	151.1846008
-29.8652	150.5679016
-28.3318005	153.3845978
-30.7152004	150.0346069
-34.3152008	146.7846069
-32.2568016	148.6011963
-32.3973999	148.8312073
-28.8132801	153.2758026
-34.4468651	147.5337524
-30.7477474	150.7201996
-30.7477474	150.7201996
-28.8132801	153.2758026
-28.8132801	153.2758026
-31.9151993	152.4512024
-28.8484993	153.0511932
-35.6574211	145.811676
-30.3261204	149.7837067
-34.7610016	147.8553925
-34.7616463	146.732193
-36.5068016	148.8345947
-34.5982971	146.4075317
-29.46278	149.841568
-34.8173943	147.2009125
-33.9651985	151.1096039
-33.3818016	148.0012054
-32.2318001	148.2346039
-32.2318001	148.2346039
-27.4709587	153.0253143
-31.7116699	148.6631317
-33.0984993	148.8511963
-32.5895691	149.5863342
-32.5895691	149.5863342
-32.0317993	147.9678955
-32.2318001	148.2346039
-37.0437698	148.9414978
-28.3318005	153.3845978
-28.5523605	153.4995575
-28.5523605	153.4995575
-33.4244003	151.3439941
-33.4244003	151.3439941
-31.8667603	152.3698883
-30.9818001	151.5845947
-30.334959	152.7082367
-30.334959	152.7082367
-28.1724472	153.5422668
-28.1724472	153.5422668
-28.1724472	153.5422668
-28.1724472	153.5422668
-28.8132801	153.2758026
-33.8731995	151.2095947
-28.9933205	153.2821198
-28.8484993	153.0511932
-28.8484993	153.0511932
-28.8484993	153.0511932
-28.8484993	153.0511932
-29.5652008	153.0845947
-29.5652008	153.0845947
-30.8348866	152.3638
-31.4341908	152.9091949
-31.4341908	152.9091949
-31.8667603	152.3698883
-32.2568016	148.6011963
-34.2436867	148.1557465
-33.2817993	149.1011963
-34.2436867	148.1557465
-34.2436867	148.1557465
-33.5652008	148.6511993
-29.7817993	151.1179047
-29.7817993	151.1179047
-29.7817993	151.1179047
-32.1393509	150.3557434
-33.8731995	151.2095947
-33.7018013	151.0973053
-28.8132801	153.2758026
-29.7318001	151.7346039
-28.8132801	153.2758026
-29.7318001	151.7346039
-35.3317986	146.2678986
-30.334959	152.7082367
-30.334959	152.7082367
-34.4468651	147.5337524
-34.6717987	150.8556366
-30.2989998	153.1300049
-32.567421	151.1660309
-34.7817993	150.7012024
-34.7817993	150.7012024
-31.0907001	150.9317932
-31.0907001	150.9317932
-31.0907001	150.9317932
-32.567421	151.1660309
-31.5080585	150.680069
-32.3984985	151.752594
-34.8778915	150.5988312
-33.2817993	149.1011963
-34.2436867	148.1557465
-32.2568016	148.6011963
-33.1424713	148.1746521
-36.0592537	146.9438782
-32.9318008	147.7012024
-32.567421	151.1660309
-32.2652016	150.8845978
-35.3317986	146.2678986
-33.5317993	149.2512054
-32.3818016	150.4678955
-32.4567986	148.9929047
-36.0592537	146.9438782
-32.5555611	148.9424286
-32.2485008	149.0346069
-32.5555611	148.9424286
-33.0652008	147.1511993
-34.6735001	148.6345978
-35.1171112	147.3562775
-33.2817993	148.7346039
-33.2817993	148.7346039
-33.2817993	148.7346039
-33.8731995	151.2095947
-33.8731995	151.2095947
-33.4824715	150.1363068
-32.5555611	148.9424286
-28.5939808	153.2233734
-30.5151997	151.6651001
-30.5151997	151.6651001
-30.3817997	150.6179047
-34.7934036	147.0390778
-32.5555611	148.9424286
-32.0506859	150.8674011
-32.0506859	150.8674011
-31.0818005	152.8345947
-31.0818005	152.8345947
-32.0506859	150.8674011
-31.0907001	150.9317932
-31.0907001	150.9317932
-31.0907001	150.9317932
-29.46278	149.841568
-34.4235001	150.8928986
-30.9818001	151.5845947
-30.7477474	150.7201996
-28.1724472	153.5422668
-28.1724472	153.5422668
-34.3317986	150.9178925
-34.8778915	150.5988312
-33.5317993	149.2512054
-33.5317993	149.2512054
-33.5317993	149.2512054
-33.2817993	149.1011963
-32.0506859	150.8674011
-34.8652	147.5845947
-34.7485008	149.7346039
-31.8667603	152.3698883
-31.8667603	152.3698883
-34.2436867	148.1557465
-32.0506859	150.8674011
-32.1651993	150.9011993
-34.4985008	147.8845978
-30.5991001	149.9539948
-33.8731995	151.2095947
-28.8132801	153.2758026
-28.8132801	153.2758026
-28.5939808	153.2233734
-28.8132801	153.2758026
-34.4468651	147.5337524
-28.8132801	153.2758026
-34.4468651	147.5337524
-28.8132801	153.2758026
-32.0506859	150.8674011
-33.7018013	151.0973053
-33.8731995	151.2095947
-34.6394882	148.025238
-34.5516357	146.4057159
-32.7306747	148.1837616
-32.0161285	149.3956604
-32.0161285	149.3956604
-31.3484993	150.6511993
-32.0506859	150.8674011
-32.0506859	150.8674011
-32.0506859	150.8674011
-32.0506859	150.8674011
-32.2652016	150.8845978
-29.5317993	150.5679016
-31.8667603	152.3698883
-29.5317993	150.5679016
-32.0506859	150.8674011
-35.5485001	146.1678925
-35.7151985	147.3179016
-34.8401985	148.9178925
-34.8401985	148.9178925
-35.1171112	147.3562775
-29.7318001	151.7346039
-33.4244003	151.3439941
-33.4485016	149.1846008
-32.5895691	149.5863342
-32.5895691	149.5863342
-34.8652	147.5845947
-33.4244003	151.3439941
-28.8584709	153.5681763
-29.0554466	152.0187836
-37.0437698	148.9414978
-30.3152008	153.1179047
-34.6717987	150.8556366
-34.7485008	149.7346039
-35.3164406	150.4360962
-32.7985001	149.9678955
-30.3261204	149.7837067
-30.3261204	149.7837067
-32.5652008	148.2178955
-32.0506859	150.8674011
-32.5895691	149.5863342
-34.6394882	148.025238
-32.2318001	148.2346039
-30.5991001	149.9539948
-34.8173943	147.2009125
-34.6394882	148.025238
-35.3041	148.2234955
-34.8778915	150.5988312
-28.7291241	153.4065857
-29.7817993	151.1179047
-29.7318001	151.7346039
-30.2152004	151.6678925
-30.2152004	151.6678925
-30.2152004	151.6678925
-30.2152004	151.6678925
-31.1165085	150.266922
-31.0907001	150.9317932
-29.7318001	151.7346039
-33.8120003	151.1846924
-34.7485008	149.7346039
-34.4567986	149.4678955
-34.4567986	149.4678955
-32.0059204	151.9586182
-31.8667603	152.3698883
-32.567421	151.1660309
-32.567421	151.1660309
-32.1929131	152.519928
-33.8984985	148.1511993
-32.2652016	150.8845978
-32.2652016	150.8845978
-32.2652016	150.8845978
-29.7817993	151.1179047
-29.7817993	151.1179047
-30.979393	150.2565002
-32.567421	151.1660309
-28.8132801	153.2758026
-30.9624004	148.3804169
-32.5895691	149.5863342
-31.0907001	150.9317932
-32.0506859	150.8674011
-32.0506859	150.8674011
-32.0506859	150.8674011
-35.1171112	147.3562775
-34.2817993	146.5679016
-32.0506859	150.8674011
-31.7116699	148.6631317
-35.2652016	147.1179047
-30.5151997	151.6651001
-33.8731995	151.2095947
-33.8731995	151.2095947
-30.3817997	150.6179047
-29.8652	150.5679016
-30.4484997	152.9011993
-29.6818008	152.9346008
-33.2817993	151.4178925
-34.8778915	150.5988312
-31.8667603	152.3698883
-31.5080585	150.680069
-33.2817993	149.1011963
-31.5080585	150.680069
-29.7817993	151.1179047
-35.2151985	146.7178955
-35.3041	148.2234955
-35.1171112	147.3562775
-29.7817993	151.1179047
-28.8132801	153.2758026
-35.2151985	146.7178955
-33.8823662	151.1546783
-31.5080585	150.680069
-34.5140991	148.3406067
-32.567421	151.1660309
-30.2152004	149.4346008
-34.4365196	148.7167053
-33.4168015	149.5807037
-33.8277016	151.2431946
-30.4652004	153.0178986
-30.4652004	153.0178986
-35.1171112	147.3562775
-33.2817993	151.4178925
-30.5151997	151.6651001
-32.0506859	150.8674011
-32.0059204	151.9586182
-31.3484993	150.6511993
-31.0907001	150.9317932
-32.5555611	148.9424286
-32.5895691	149.5863342
-32.732235	152.0501099
-33.8731995	151.2095947
-33.5317993	149.2512054
-33.2817993	149.1011963
-31.9067993	152.6179047
-33.9258308	150.9264374
-34.8778915	150.5988312
-32.2652016	150.8845978
-35.1171112	147.3562775
-30.2152004	151.6678925
-30.2152004	151.6678925
-29.0554466	152.0187836
-33.2817993	149.1011963
-35.0655365	148.1075287
-28.8584709	153.5681763
-28.8132801	153.2758026
-34.7817993	150.7012024
-35.3818016	147.0679016
-33.8984985	151.2595978
-33.8523712	151.1549072
-33.7980347	151.2856293
-34.8778915	150.5988312
-31.0907001	150.9317932
-34.0087814	150.7240295
-35.1171112	147.3562775
-28.8584709	153.5681763
-34.8317986	147.3345947
-29.0554466	152.0187836
-32.7330818	151.5574036
-34.2817993	146.5679016
-32.2568016	148.6011963
-32.5984993	151.6179047
-34.7485008	149.7346039
-34.7485008	149.7346039
-34.2436867	148.1557465
-30.3817997	150.6179047
-30.2152004	151.6678925
-28.3318005	153.3845978
-28.8132801	153.2758026
-30.5151997	151.6651001
-28.8132801	153.2758026
-32.2318001	148.2346039
-28.1724472	153.5422668
-28.1724472	153.5422668
-33.9485016	149.5346069
-31.4541855	152.7259064
-30.3152008	153.1179047
-30.3152008	153.1179047
-32.5555611	148.9424286
-32.5555611	148.9424286
-33.1152	147.8011932
-32.2568016	148.6011963
-34.8778915	150.5988312
-33.2817993	149.1011963
-29.4580994	153.197525
-29.6309662	153.0380707
-32.9318008	147.7012024
-31.5080585	150.680069
-32.2652016	150.8845978
-34.7934036	147.0390778
-35.1171112	147.3562775
-30.0984993	148.9678955
-32.2652016	150.8845978
-30.2152004	151.6678925
-33.8731995	151.2095947
-33.1152	147.8011932
-32.5901985	151.7846069
-33.8731995	151.2095947
-33.8731995	151.2095947
-34.3317986	150.9178925
-33.9318008	147.2012024
-34.7934036	147.0390778